id,date,word,count
4,2015.04.16,発表,1
5,2015.04.16,注目,1
6,2015.04.16,ルール,1
7,2015.04.16,追求,1
8,2015.04.16,33,1
10,2015.04.16,方針,1
12,2015.04.16,活動,1
13,2015.04.16,アルゴリズ,1
14,2015.04.16,立,1
15,2015.04.16,ライ,1
16,2015.04.16,検討,1
17,2015.04.16,活動,1
18,2015.04.16,連携,1
19,2015.04.16,予定,1
20,2015.04.16,紹介,1
21,2015.04.16,発信,1
16,2015.04.16,検討,1
17,2015.04.16,活動,1
18,2015.04.16,連携,1
19,2015.04.16,予定,1
20,2015.04.16,紹介,1
21,2015.04.16,発信,1
22,2015.04.17,頃,1
24,2015.04.20,方針,1
25,2015.04.21,方針,1
26,2015.04.22,力,1
27,2015.04.24,提供,1
28,2015.04.24,方針,1
30,2015.04.27,構成,1
31,2015.04.30,見込み,1
32,2015.05.01,予定,1
33,2015.05.07,考え,1
34,2015.05.11,センサネットワーク,1
35,2015.05.11,掲載,1
36,2015.05.13,18,1
37,2015.05.15,掲載,1
38,2015.05.18,推進,1
39,2015.05.20,掲載,1
40,2015.05.25,掲載,1
41,2015.05.27,掲載,1
42,2015.05.28,可能,1
43,2015.05.29,サイト,1
44,2015.06.01,掲載,1
45,2015.06.01,強化,1
46,2015.06.08,変化,1
47,2015.06.05,閲覧,1
48,2015.06.11,確認,1
49,2015.06.11,前月,1
50,2015.06.15,基礎,1
51,2015.06.15,jp,1
52,2015.06.22,利用,1
53,2015.06.23,方針,1
54,2015.06.26,孝志,1
55,2015.06.29,貢献,1
56,2015.07.02,注目,1
57,2015.07.06,期待,1
58,2015.07.13,前月,1
59,2015.07.15,普及,1
60,2015.07.17,Web,1
61,2015.07.21,掲載,1
62,2015.07.23,スマートフォンタブレット,1
63,2015.07.24,方針,1
64,2015.07.28,駅,1
65,2015.07.28,紹介,1
66,2015.07.30,閲覧,1
67,2015.08.05,方針,1
68,2015.08.07,公開,1
69,2015.08.07,予定,1
70,2015.08.17,前月,1
71,2015.08.19,構成,1
72,2015.08.19,紹介,1
73,2015.08.24,掲載,1
74,2015.08.27,頃,1
75,2015.08.28,予定,1
76,2015.09.01,考え,1
77,2015.09.03,掲載,1
78,2015.09.09,方針,1
79,2015.09.10,掲載,1
80,2015.09.14,前月,1
81,2015.09.15,掲載,1
82,2015.09.24,早め,1
83,2015.10.01,掲載,1
84,2015.10.07,閲覧,1
85,2015.10.13,チェック,1
86,2015.10.14,減少,1
88,2015.10.19,可能,1
89,2015.10.21,程度,1
90,2015.10.22,楽しみ,1
91,2015.10.26,予定,1
92,2015.10.29,視野,1
93,2015.11.04,構想,1
94,2015.11.11,020,1
95,2015.11.12,掲載,1
96,2015.11.17,掲載,1
97,2015.11.16,よう,1
98,2015.11.19,考え,1
99,2015.11.20,掲載,1
100,2015.11.25,研究,1
101,2015.11.30,掲載,1
102,2015.12.07,貢献,1
103,2015.12.09,掲載,1
104,2015.12.14,922,1
105,2015.12.16,方針,1
106,2015.12.24,掲載,1
107,2016.01.06,Liew,1
108,2016.01.08,応答,1
109,2016.01.12,掲載,1
110,2016.01.13,039,1
111,2016.01.20,掲載,1
112,2016.01.25,決定,1
113,2016.01.29,後日,1
114,2016.02.01,以上,1
115,2016.02.03,方針,1
116,2016.02.08,方針,1
117,2016.02.10,掲載,1
118,2016.02.12,減少,1
119,2016.02.15,000,1
120,2016.02.16,方針,1
121,2016.02.17,研究,1
122,2016.02.22,施工,1
123,2016.02.25,省エネ,1
124,2016.03.02,方針,1
125,2016.03.03,掲載,1
126,2016.03.03,注目,1
127,2016.03.10,前月,1
128,2016.03.15,掲載,1
129,2016.03.22,方針,1
130,2016.03.24,方針,1
131,2016.03.31,方針,1
132,2016.04.01,掲載,1
133,2016.04.04,方針,1
134,2016.04.12,129,1
135,2016.04.14,掲載,1
136,2016.04.19,紹介,1
137,2016.04.19,図書,1
138,2016.04.21,方針,1
139,2016.04.22,ホテルニューオータニ,1
140,2016.05.10,可能,1
141,2016.05.13,減少,1
142,2016.05.19,方針,1
143,2016.05.24,方針,1
144,2016.05.26,方針,1
145,2016.05.30,予定,1
146,2016.05.30,基礎,1
147,2016.05.31,方針,1
148,2016.06.08,掲載,1
149,2016.06.09,掲載,1
150,2016.06.10,前月,1
151,2016.06.14,予定,1
152,2016.06.22,応用,1
153,2016.06.29,掲載,1
154,2016.07.01,掲載,1
155,2016.07.04,紹介,1
156,2016.07.04,概念,1
157,2016.07.05,方針,1
158,2016.07.11,法,1
159,2016.07.11,可能,1
160,2016.07.12,32,1
161,2016.07.19,可能,1
162,2016.07.21,目標,1
163,2016.07.25,紹介,1
164,2016.07.25,講,1
165,2016.07.26,紹介,1
166,2016.07.26,Chapel,1
167,2016.08.03,掲載,1
168,2016.08.05,方針,1
169,2016.08.10,14,1
170,2016.08.19,方針,1
171,2016.08.24,掲載,1
172,2016.08.31,頃,1
173,2016.09.05,方針,1
174,2016.09.06,掲載,1
175,2016.09.07,方針,1
176,2016.09.12,308,1
177,2016.09.14,掲載,1
178,2016.09.23,早め,1
179,2016.10.05,掲載,1
180,2016.10.11,生産,1
181,2016.10.12,147,1
182,2016.10.14,チェック,1
183,2016.10.20,社員,1
184,2016.10.24,可能,1
185,2016.10.27,楽しみ,1
186,2016.10.28,予定,1
187,2016.11.08,顔ぶれ,1
188,2016.11.08,紹介,1
189,2016.11.09,貢献,1
190,2016.11.10,方針,1
191,2016.11.11,減,1
192,2016.11.14,掲載,1
193,2016.11.15,可能,1
194,2016.11.24,予定,1
195,2016.11.28,年度,1
196,2016.11.28,方針,1
197,2016.12.06,掲載,1
198,2016.12.07,方針,1
199,2016.12.08,効果,1
200,2016.12.12,041,1
201,2016.12.16,方針,1
202,2016.12.21,予定,1
203,2017.01.06,閲覧,1
204,2017.01.10,掲載,1
205,2017.01.12,669,1
206,2017.01.17,掲載,1
207,2017.01.24,方針,1
208,2017.01.30,方針,1
209,2017.02.01,目,1
210,2017.02.06,日,1
211,2017.02.07,視野,1
212,2017.02.08,ROGIC,1
213,2017.02.09,掲載,1
214,2017.02.13,36,1
215,2017.02.14,掲載,1
216,2017.02.14,掲載,1
217,2017.02.15,700,1
218,2017.02.16,設計,1
219,2017.02.23,可能,2
220,2017.03.01,決定,1
221,2017.03.07,寄与,1
222,2017.03.13,970,1
223,2017.03.16,ダウンロード,1
224,2017.03.23,掲載,1
225,2017.03.29,方針,1
226,2017.04.04,方針,1
227,2017.04.06,予定,1
228,2017.04.11,13,1
229,2017.04.14,期待,1
230,2017.04.17,紹介,1
231,2017.04.17,取締役,1
232,2017.04.19,掲載,1
233,2017.04.24,方針,1
234,2017.04.26,カテゴリー,1
235,2017.05.08,可能,1
236,2017.05.09,業,1
237,2017.05.12,22,1
238,2017.05.16,閲覧,1
239,2017.05.18,方針,1
240,2017.05.24,方針,1
241,2017.05.29,方針,1
242,2017.06.06,可能,1
243,2017.06.09,前月,1
244,2017.06.12,サイト,1
245,2017.06.15,掲載,1
246,2017.06.20,予定,1
247,2017.06.23,予定,1
248,2017.06.27,予定,1
249,2017.06.29,掲載,1
250,2017.07.03,積極,1
251,2017.07.06,方針,1
252,2017.07.10,40,1
253,2017.07.13,方針,1
254,2017.07.13,予定,1
255,2017.07.18,方針,1
256,2017.07.21,特長,1
257,2017.07.25,方針,1
258,2017.07.27,紹介,1
259,2017.07.27,グランルーフグラントウキョウ,1
260,2017.08.01,紹介,1
261,2017.08.01,構成,1
262,2017.08.03,方針,1
263,2017.08.08,掲載,1
264,2017.08.10,183,1
265,2017.08.17,可能,1
266,2017.08.21,考え,1
267,2017.08.23,頃,1
268,2017.08.28,使用,1
269,2017.08.31,技術,1
270,2017.09.04,掲載,1
271,2017.09.06,予定,1
272,2017.09.11,178,1
273,2017.09.12,体制,1
274,2017.09.14,掲載,1
275,2017.09.22,早め,1
276,2017.09.26,化,1
277,2017.10.03,閲覧,1
278,2017.10.10,24,1
279,2017.10.11,方針,1
280,2017.10.16,掲載,1
281,2017.10.18,化,1
282,2017.10.19,金,1
283,2017.10.20,着手,1
284,2017.10.23,可能,1
285,2017.10.26,楽しみ,1
286,2017.10.30,予定,1
287,2017.11.06,考え,1
288,2017.11.10,増加,1
289,2017.11.13,可能,1
290,2017.11.16,紹介,1
291,2017.11.16,知能,1
292,2017.11.20,計画,1
293,2017.11.28,考え,1
294,2017.11.29,掲載,1
295,2017.12.01,考え,1
296,2017.12.05,考え,1
297,2017.12.06,方針,1
298,2017.12.11,18,1
299,2017.12.13,考え,1
300,2017.12.21,投入,1
301,2018.01.05,ダウンロード,1
302,2018.01.10,掲載,1
303,2018.01.12,35,1
304,2018.01.16,掲載,1
305,2018.01.23,設計,1
306,2018.01.25,可能,1
307,2018.01.30,サポート,1
308,2018.02.01,596,1
309,2018.02.05,削減,1
310,2018.02.06,掲載,1
311,2018.02.09,301,1
312,2018.02.13,しこ,1
313,2018.02.14,計画,1
314,2018.02.15,000,1
315,2018.02.15,ファシリティマネ,1
316,2018.02.20,方針,1
317,2018.02.27,決定,1
318,2018.03.07,適用,1
319,2018.03.09,051,1
320,2018.03.12,可能,1
321,2018.03.14,掲載,1
322,2018.03.19,予定,1
323,2018.03.20,可能,1
324,2018.03.29,予定,1
325,2018.04.03,掲載,1
326,2018.04.10,352,1
327,2018.04.16,ダウンロード,1
328,2018.04.19,考え,1
329,2018.04.23,紹介,1
330,2018.04.23,5,1
331,2018.04.26,予定,1
332,2018.05.07,方針,1
333,2018.05.11,23,1
334,2018.05.18,方針,1
335,2018.05.24,可能,1
336,2018.05.28,掲載,1
337,2018.06.04,方針,1
338,2018.06.11,708,1
339,2018.06.14,掲載,1
340,2018.06.18,カテゴリー,1
341,2018.06.20,可能,1
342,2018.06.26,方針,1
343,2018.06.27,方針,1
344,2018.07.04,方針,1
345,2018.07.05,可能,1
346,2018.07.09,掲載,1
347,2018.07.10,815,1
348,2018.07.17,掲載,1
349,2018.07.25,紹介,1
350,2018.07.25,しこ,1
351,2018.07.30,実施,1
352,2018.07.31,方針,1
353,2018.08.02,紹介,1
354,2018.08.02,構成,1
355,2018.08.03,可能,1
356,2018.08.07,向上,1
357,2018.08.10,39,1
358,2018.08.17,掲載,1
359,2018.09.04,紹介,1
360,2018.09.05,掲載,1
361,2018.09.10,掲載,1
362,2018.09.10,37,1
363,2018.09.13,掲載,1
364,2018.09.14,就任,1
365,2018.09.19,協調,1
366,2018.09.25,早め,1
367,2018.10.05,予定,1
368,2018.10.10,16,1
369,2018.10.19,金,1
370,2018.10.19,方針,1
371,2018.10.22,可能,1
372,2018.10.25,楽しみ,1
373,2018.10.29,予定,1
374,2018.10.31,移動,1
375,2018.11.07,効果,1
376,2018.11.09,32,1
377,2018.11.12,デザイン,1
378,2018.11.14,実証,1
379,2018.11.15,トレンド,1
380,2018.11.15,知的,1
381,2018.11.20,可能,1
382,2018.11.22,方針,1
383,2018.11.26,サポート,1
384,2018.11.28,促進,1
385,2018.12.05,発表,1
386,2018.12.10,11,1
387,2018.12.12,方針,1
388,2018.12.20,掲載,1
389,2018.12.26,展開,1
390,2019.01.09,掲載,1
391,2019.01.11,0,1
392,2019.01.15,予定,1
393,2019.01.17,掲載,1
394,2019.01.21,方針,1
395,2019.01.24,考え,1
396,2019.01.28,方針,1
397,2019.01.30,掲載,1
398,2019.02.04,全体,1
399,2019.02.06,可能,1
400,2019.02.12,261,1
401,2019.02.13,実施,1
402,2019.02.14,500,1
403,2019.02.19,予定,1
404,2019.02.25,方針,1
405,2019.03.06,方針,1
406,2019.03.11,方針,1
407,2019.03.11,29,1
408,2019.03.12,掲載,1
409,2019.03.18,決定,1
410,2019.03.20,方針,1
411,2019.03.28,エキスパート,1
412,2019.04.01,適用,1
413,2019.04.10,前月,1
414,2019.04.10,Web,1
415,2019.04.15,方針,1
416,2019.04.18,掲載,1
417,2019.04.22,紹介,1
418,2019.04.22,執行,1
419,2019.04.25,考え,1
420,2019.05.07,WG,1
421,2019.05.15,21,1
422,2019.05.20,方針,1
423,2019.05.27,掲載,1
424,2019.05.31,ダウンロード,1
425,2019.06.05,考え,1
426,2019.06.11,578,1
427,2019.06.12,掲載,1
428,2019.06.14,可能,1
429,2019.06.19,カテゴリー,1
430,2019.06.20,狙い,1
431,2019.06.25,技術,1
432,2019.06.27,掲載,1
433,2019.07.08,考え,1
434,2019.07.10,13,1
435,2019.07.17,さまざま,1
436,2019.07.22,考え,1
437,2019.07.25,紹介,1
438,2019.07.25,事業,1
439,2019.07.29,方針,1
440,2019.08.01,紹介,1
441,2019.08.01,構成,1
442,2019.08.02,実施,1
443,2019.08.08,掲載,1
444,2019.08.19,29,1
445,2019.08.29,内容,1
446,2019.09.02,閲覧,1
447,2019.09.04,方針,1
448,2019.09.09,掲載,1
450,2019.09.12,掲載,1
451,2019.09.19,予定,1
452,2019.09.25,早め,1
453,2019.10.04,高度,1
454,2019.10.10,550,1
455,2019.10.21,可能,1
456,2019.10.24,楽しみ,1
457,2019.10.28,予定,1
